hash,commit_size,num_test_files
22ee79d7710d4be45f5682ee87ee9c67e507662d,117,0
fac6418f1345fcc69b45f00551225c710b3dac08,117,0
9dbd3bd27c99b3be4e3e109988fcdfc92e9ca4d4,202,0
e7c9be6da1f5a065923e23df91ed852dc8974057,23520,34
1821f3fde83b99f0aeb9ec2b6f4c631de073f36c,1810,33
61496230585836b9d9368d0c2609b6a5bfe34e8f,29338,44
105bcc08b9199da748333c3852c82458982bc919,3570,17
4b228ba7531983f6005286deaed979d671b12d37,3,0
df7a4ed43d758bdba857b3205f2eeba19916946c,4496,22
527cc70a23a358836927a8f74202d0261ead2751,957,5
fd45f35cadbfa3ebb17020546824a15f3b86e067,157,0
00958f1989e48083a38b3b6ff2c9deb79855b681,467,6
24ff255fd74402cb6a4102796343a75fd6f2bced,2054,22
a2890b95e74c8fbd47a2ec4494588daa76e1b059,52,0
c022e366762b39b7d6af6690350cfe4e5257eec9,27,0
2339e87f3cbccbac31c4b008a5d2c6fb2a16d8eb,277,4
2b6c24f38287870c821d14b9911fa38871faadb6,1568,0
ccc04a243fc1bb9d4ef3a7dc003fab1a3bfc0c3e,260,0
ce9855ca52965f825f4a7c980c21b9a9ed057f24,1,0
fd5075da09b8b5a5831425d95aefef37a305ba99,2,0
404d546aeea35c208c808e731f4e603a30e85205,60,0
de58f820a75697f31bfa7af7a16b3904c9336653,5,0
45caf2683b85d96c9764ed34934f7a5b1059ca39,59068,0
bb4025742606c6abea85fbf99cffec5c3a2a2750,137,0
44509b54c1a47015fd65d5c475b4f04fa6cd9805,3,0
6349d66f2c399d963e30768423e8aaf477e1c5cd,547,0
0f364aacdf0bef23eac2006c5ef756abba1468a7,26,0
8523183a31ab02be8acdf38e95a2a08fb00a8cc0,1497,0
053002748f6aefd1b15a2dbe14f61cf6b65986f7,633,0
1ba1cde784df644cb821d62ce7b575fdca9e3ad0,461,0
35bfbbd03d9843255afd790bef08c8b842712647,680,0
3eb31caa89d83e76ae83e533eda29349f987d0d9,697,0
719dfda7314ca393c27541dbd0e4c548e1f5104c,60,0
4a6fe5ce85d79fdd5d9791dc8d963069a2592056,1966,1
c87b0d2a1bc1b6986ea655a7f6da8c7438b54dcc,11986,0
cc6651e226434d5194dd27a720de7e58c3f87e4b,3,0
1d5f2e75a8b3867bd4341758495861ffa48ea809,87,0
e2111017a185e519ff2073a03022a0ea5a9e3e46,25,0
b43c6617cac0bda5099d25605355b783c33d6990,2984,0
d5b7085e0212ea602af94da194781db8cd03641a,55,0
c4040319ac604f03089bbd32bee16c64613c3921,19923,0
4d569ae95e9c36b4f432efd9c2b1c76a382cd781,1090,0
60e82e178bd744a830d5cdbdd09d7cc392c413f5,292,0
adb118e61a8c527847147a947794cecdbbcb3b6b,3,0
7a26bbb0d747f98842542c9c06ec20cc54c3cbf4,717,0
cfd4e83d24eff3a98d7df710a9b9be98fa0d22fa,161,0
23ad1f91943191fce529f87bb49c7d0dc0e3ac9b,151,0
ed75bfd0a78d46803023e82a38e4fecbe3ff4d86,514,0
dabbaa028de6a024ffbe55511fe97fc64df7b442,231,0
87e49dbd7307414169d55f6de0aceb5bbe2acee4,160,1
e9443cfed9c9fcb524854218a50adf9f379e1c4e,1423,0
603900124921b5bf74f6fdb8cee1a02399203200,775,0
3a475f802f5556d759a6ebe58f6d7b6be26c4b81,218,0
58ad07cd8bf8b9ccc44878377608b43dbbcdfce0,9,0
61b94eecebd0104f57f70c72fe544477ca4c8b2d,3,0
e592f5a0a919b8b455768cd6af63bdb160082ec9,307,1
c1db2bada95d2d3a5cdbdd6628feee9105e42da1,1015,2
0f269b457bf8228ed726aa81ad5cd48d64a02f9b,891,3
14c25c73d8f22d6736066dd624bbf17688ec79a8,673,1
e9027b9a9fb432cbb88dea9e40adfd487ddc281b,17,0
e8eee37375e81fe41e18943d64ff0a86fec81223,3,0
7f6e7c5dcbe8581e68a7481cdc16da27edb603e8,31464,24
632cbeafd56dfd342ab86dbdba1025646f19a15f,171,0
32e72219b14a2f16db8da9634325a150665179de,3,0
ec8ae3662f8da413639eb6ccca22201c92dd9b06,1716,2
dd18a7c25190b085947f5744f6ebe480b7a9a825,1006,3
7c2a2115ce458a572536d6de70ea067ca7c3492c,76,0
cae92e7ac6606149a18c0398e8696b083c29f336,142,0
997e6accfe8be33f9fed5da0a23f8c9ce8d9406c,2018,9
e07296b4fa930ad9cc9370d5fcbfb9472cabe8b8,13,0
a39781679ffbf00e23611cd866eb587afc57340c,3,0
d6df55a03789c7be0a60f44f04d7771ce73a3d69,415,9
cb135a0e2437f2b2fbf1ae6967f2c6331856b6b4,3,0
d0d61873bc590c3256e5af11fad095804ccd1bb5,119,0
030fc25ca552d2127c95820eaf2d305217164e73,146,0
d3b59cd90808117469d786d03466fbb2ae6c0416,696,0
913a47005b9c818a54a71c1b9a435b06283e4cac,25,0
c7bb026cf0ff1413ab7e40317bf9267ebb134860,787,0
96c8fb3dd475e591fa894fd48cd1c6cb73962af7,541,5
17dff5e593fcbc7f7e894f67e63bdc43eaf0b3a6,124,0
26b4614deb6adddacd4f1a4fc10b5ff050ae90ed,1713,1
a44014c0af068fb9d87fc6184ab82af0fc0c5ddf,3,0
6c9e181d43e752db808200297f4d084f8bcad62d,388,0
92de1807695ac4b8b8353db66645eefed7d1ee55,381,0
e161000310763fc61bbfddaa52b46a54872cc0fd,138,0
4b8e588e651c8ddc382d43a762998bfcc5e53687,5,0
193321ad823a4eaf503a3fec8f67bf5e13499693,11,0
80c65625c67aba9c11e86e8112320edb944e81d5,17,0
553f4c167bb004b734c3eec62a07c0a6e221b6c6,1777,8
f81f11a48753fbfc448f2ec351ce43cdce6e8c16,3,0
6bab25e45b207332f3dc3aaba03ebba4e04a9d5e,10,0
44a6ecd26d792195a32dbbd1b667005845355690,80,0
6ab4dbad432517a7215ed89d5f6cfa1a753cb377,1066,1
54c2d5cf78221bceab31ab829f0ee85afbc3002a,611,11
5053e66dc51b06ff70599fa53675786712c9b42a,634,0
dc3e5a7fc4ecddfb9e31777e86c37c0acf0754e4,226,3
4f82ff18cb0093b91d823e1c8feb94898f3b9f2d,29,0
80a17dd17bbc96d77ece21e853d4c863b3554e56,3,0
e34a7ee8a28752b532156c40287ba7de26b485ab,2357,0
d2d6769598fb9af7813a5eecc782f74e4d3cd445,3,0
8cfe9f79f67b3f0a607e64bcea09e9a92d79cb0b,105,0
300648df4241d69590404f4de6f4d8f0d8acad89,38,0
634e4f9bfa842aca771fa6aa857e21e8378a594d,352,0
7e38b4e69835127d763452a450e1b058e9f77c79,12,1
967b18d574ec2ef4c2c59b9d717f880fce06d51d,198,0
c8f1fa9d0c51622567ee4eec2548bd96c351f2d2,78,0
e17397caaef792f930447e7361aeea65550aeac5,214,0
0da38f5e4d0a4fd434ef33be7658cc9ce4136936,1967,12
273691339725351fee9a7887a200fd2ea4928082,483,0
e6519d97df18736654298796acc0f5be7e4c28ab,183,0
bcb870fd0eeb4f7f0709fd30070ad9a0ff3278b5,20,0
d3bd5c9f322aed6de73d24947573b01290c866b1,9,0
7f4a6880d345941c970e434b777cecad0496bf04,1,0
36d8c78383bf953849e4dd0062085dd3de420253,927,1
cc6b1882c56ac2af3ad7ba7e604d5a9b57f04cb4,56,0
6506ef8832e628b70755bf6b898ae26e0256304c,25,0
8b74630166d81efbab9092472a8961485ad5c8b9,15,0
8a2088ff10189f71c76646ff7b7e88092bf77b64,7,0
16a9137b10956708dc45472219b14747b77523f1,3,0
aa669fd3deef0222d366b187724e553cf4fa40fa,12,0
be4041014abe17650e73251eda11485144dc362e,21,0
5b539ad32d1dedf1e57575d161463a63d50fcea6,5,0
90284bde3be5e05f44f4efd2f560c70132fe8646,3923,33
6816b31ee3cdb019c8485e95e918198b204a25ca,1142,1
3249ef70a2cb313c2cf5c8a3deb27e348964e791,87,1
28303effe989397587978cde49f3c12ae7a10704,80,0
d9118a4f25a62eeaa8a2bc195a81530317d002f6,3851,7
399adc1b4d734fcb636caef5d310034cdd41f8e7,47,0
bc1c2b48f825997632877bcd34ed22eaf78965b1,1119,4
15c18b004aab4376107d3830b85f969c91d25ef9,3544,0
186a8dcf291c41eea4d65e05a846957872d8241f,383,3
0ed88ff6ba9940ffc865e4b7e9b9146cf0e1efda,571,3
ebad135c1e44bc75f76c41fbaaeece87ed65d144,2196,22
db8998bd70ed908d3b9ea3d54210db03aa37c5f4,709,1
9e1d1c0cb0cbfc17a31533e3c36cec5673363186,22,0
2ba8fd783935974befc6c1ee143d4e936943079c,7,0
f51a30a43c7a6cc23cc3fccf6893c34e2f75fc77,505,0
2353de20d8c594ed2996203e5d36922cbda4974c,221,0
b12ca6780bc57d96abcdad38b01cce0a591a4b78,100,3
0dbe00ec31d2505fa38c9746d4d8ee7600cd1d2d,73,0
42d992ede7bf12b99b4949ee19b58cf59f7fdd34,17,0
595e0e4f7d3097acf2917e01abd227d241334923,3,0
dbbf6ca7df83698e52ebb3fb1d26dfa763bd9a43,15,0
96e99bae3a22415d1360800b02a22b0d1636ae89,100,10
ab8e081e80dee6a7650b897ac4b58c280a783924,38,0
4b756f2de54a7da0f680944be284aef4af3f8b40,45,0
8a8d000a87bf94e2598ae12ecc5fcac0b0a47c10,76,0
8d0dfc5c3f277f759e629196ab3b83f2bda1f35b,3,0
9bfe4b74c3da3678c882a46052efb4d5f1462d2e,304,0
887cacad699884518450a14033af30eaa3d49710,46,0
14a6b1da6c9e9f32a0a9a3b6fa339d39f5ecc8c9,66,0
3cb9f2ad4cda32c08680cafdb06f3f33c3e4b85f,19,0
8eb6d4fec077bb6f369005e20995107b70887acb,7,0
27fef4e264bab26aa07b12f9aba8fa5bea88db2c,10,0
a7d8af68ec1830bd41b6811847b076d140dc2828,6,0
7d0f4546a4d9904dc6c2690e575113aadb14ea6a,70,1
9857b703e5d89cafb39f1f0ce863578f27703523,951,1
4e7571f164274a5e3f78f183d011768e8536fd1f,2576,0
17e8ebc0f526f1c0e113d7a9311ce53bf333a832,847,1
d2045ce9e484c51da270f57b1bf7fc98c187c522,564,1
44e91ddf07b5b05e0428634e6fac4e12e8b0de06,10,0
02c070a41d4af0027249e5ddf09642d0e0d492fe,1322,1
7a04419a96e403548326a58c16f98184f496492e,271,4
aae0380151f79c7e93f8a05ab1b979d3c4c5ef9b,461,2
51192a8f50d99249fdf3847b8f766e2effa0dcc7,2003,19
0030a1b71ca600e64df8eea746eb259e65151a01,620,1
64ecfe9ae7227656c964e9e2ab1122a8c00b7759,56,0
4374f2034ed0dadb7755a942eec522fc322cf569,840,13
35f4f74ccbcd08cbd7e8788536080109d1713554,39,0
5d540e993d52c42a668dbbe7a46dc7a32cbe5e98,8,0
1b45252ff1a6f294686e2132c0b05122c6691b88,6005,0
a3ebce18da951e69045dd54014beb1c93b13a4a0,156,1
01df6c18cf076d91273d797e6d3ccd95e91bb7b6,45,1
6cd62e333432e2352e337db819e15e60f84145df,1444,4
510bfefe2e841117c52376e450cfcf3774b9c9b6,47,1
678042a7603d77bece7b6f544d5ea86f297adca1,3,0
9d753323d3944d0160fa86eb464b87affbfd52dd,219,15
f82ca811c73882533fa5c9851cac74387b08395e,180,1
c5b6665ad7cb8e9eea82fc63b311bf71a9315682,17,0
6a3b701e992dca4722edc112b4320952f0114266,1275,0
d394781a2c7d427615fb9886a9a8ebe1bcbb96e1,1601,1
45bf826104ccf0b065d7b2c981b1b55ddddedb4a,2381,3
5087b9226c91f929e03603635fedae3b2edc06c3,8,0
89f1d7fa80da2ea8ccf327049ef23dd6abf96471,3,0
0b26558e88e9730f725e278d11b86bbd5ca11856,324,0
ec4ba2b0b15cc6359a12dacc5a325716eda528bc,3,0
e1c70bde8a9b0f378d19292f5b3dbe93d209e5c8,9,0
855c010715db8b2521535f597fc8d88014df150a,3161,0
bdaf829db77f390f58b5824714acacf3b36d18d8,684,18
239db3abed54a98516a70a4b95145bdb3df192c9,560,1
07ef2558752a6cb12eebb28c3fb49a5298b65ec5,2867,0
fc7e722da84fe6a7f0a195ed6f080fdd410b1931,82,0
145dd2262695e8262b05249e0b74009570387d70,763,1
cf22db0982e11a587af47bf57e3c7a07bca78254,416,3
6f2700f09abb0eafd207c1ddcc0652067cd98ebf,2109,2
a539fb968ab2b587c85b1983da2fe84b47beeeed,46,0
7e5fb05e1eb3489e614cffae5c62827e2143df94,2393,0
546c5dcaddf51b075e5bf27414a41371000fe6b9,29,0
c545a80331588cf418ab2a30e78b4a6991323b4e,236,0
6f0b152f3fb4d17f751be1e8b6ecd625a3e27203,473,1
1eb3fcb376605f49db658e436c123eca3c829d11,121,0
7576a5e300b4659c3a8a36c035e125d7a5c7f44e,143,1
3d815f46962405ad888eb7c8bf61a1c380d99bce,263,0
b9be4309ee0439b24d9a54b11b99ffe2ef777d2a,74,1
74cf91e9db8845d723c1a9df7990ca15484e2d1d,224,2
61340cda4b05071a44896116f08ee7cf0938b8df,119,0
91c1dc41d4f35f7d54d25f24d38350b12bb528bf,226,0
c864c4dd208c3f4b37afe1962a9883026326d3ea,607,3
f49c41621d16a3e2982fe53836d14a3c8853009f,622,0
4f5f5456edae3b724fc5cab4a925dc080566162d,144,0
85e066dd2c5d659ba66b70703225f6cd1c99e266,305,0
e8d6727b9a00f3c8a157a935e7cf5dde465814e0,1241,0
4f0e696eccf6ab0319eec0c098de6e417b40465d,3,0
5c134361f7159e8851ead4bdf6ee2b953a69632d,107,0
3ea8a9f1203f553c334751a646b26eeb9ae48c48,37,0
a6b730e3b602cb456e1185b46bd66439b14ec107,124,0
09d4826fb6c761d04a634f206a581b248a7c4acc,10,0
4f5e01c4b475b1657504b6dc9390f869502f5459,198,0
79835328ad9f18ead48f7b5d6a42ac4606a782f7,19,0
15d5c915a4023af6713e0b3d6afd33fb44ad879f,57,0
6407e0902d7face3543bf97a66941b66c7784305,243,0
9948133683d737739006ca89ec06be65137d0c28,3024,0
5b5b54815d16c9c2ee9aaacdd394176056f84dac,78,0
77d06def98d5c9118992a467f37959cd7e0e344e,287,0
4d0bd20491c506fb0ed58d74358cefa231afb838,5,0
b4c67cdd664cbe9b9bab90836f343bfcd6a7b789,467,0
97829b74c3246fedda4e4b97ef5605c42845405a,44,0
b670e78d3c3374d1fea58c241239614f30c52d8a,77,0
7ae15921fd8d329abcba21c91ae473c023900213,320,0
7dba2360d8c3e9a005f1b31666801c5bf9b8d34b,152,0
b92e8297d7fbb4acff2c55a6c7a303b6f4e7b5f5,629,0
4f22b55c7de8886edb71e4edf7f1e383d693db5d,129,0
82fae8227fb18e4be5137360d16d06f3a61bda8a,92,1
66c063060aae036338d57aa8f6eafbb4c03ed591,80,0
2234648072aa1d55c216d7a9c5150c73b1cbac73,131,0
d67950a69d1756897d877e5c31c19a14ade79b41,302,0
e03b08fa6b7d33f7f577c651229c4fafeb9227b7,28,0
e3b5c5cda9c8cc59ddc8a2406fac4211c68b17cf,30,0
39cbe9f87742aef86563e7c3255fd4a235afb2c1,113,0
9cff5f4442fcbd30ee29e4b213d0d99ac4d5d27e,536,0
c0f88255436ffefca8e1fbf6a13f0f0843a32580,200,0
d9e0282e2eaf79f2b0028c325aa81d8763404c37,580,1
6e19ae95d0977a6fdf5708a94c5f113f67aff25c,1822,7
cdb2e7f8b17c1badbcd0601d8200b947f9a37a97,39,0
8c56ff29ec05189415b9b7dfac0570889fc45ac6,544,1
84ff6000f1e3352edad3609d121f85942086f8dc,1292,0
6bfe2d52ab8c2bc0857ce992b790fbaafc8a828a,121,0
f67a0f0db14825dace48385bcafbab6cbc3f3528,29,0
edc9801bed705a55258af151a0b9ccbbe899c912,7,0
504e28fe1acd7a4497e91a324a4f56f7e287853e,13,0
a4990664da77e691772074061dc2fd4a1b16adbd,53,0
6dd7eb822771da052dadacd277c51ae759e4b0a6,2,0
761f6c85dd4227f08f1d30fc6726e12ac1443502,523,0
e95776d90fb8a6b696bd1896743d3046b6e48896,2299,0
db287127f98678a0442db36f420c655f36381877,41,0
0697d899235d339dbbc177f5c24ae05af08c48c1,52,0
8f8740f4eee4fe2fe100a89dc5bbabe256e555a8,85,0
a2d9715ed1517211ec2783f5c0b12998a3ace2cc,538,0
39f7a275f489de53d16dddc7ea206c30f66a1ed1,321,0
1536829d7d92b9bc89e7222fdf097b752c13a81a,98,0
1570840a421370789f5fdd90c15f47ed68ea9d6c,454,2
6988a50894c1f7eba65a5ace6a4bd55ad2e8ca4f,41,1
33a165950b7cff23fb1be69674011136a99fc98e,162,0
6c68fa6dbe9356e9bd6e51b6faa2b36f177137c1,355,0
ae9e8b310967f9ea38ae2cc84cce1d5bc381fab6,172,0
f9b5eff9879916a7d6fe985f00ddc5fd89b4e652,590,0
d825f181b583631244978931314f2dabfcfbba0d,324,2
dd60bbc01a663ae859e24d73d4843aee0031ba0f,5743,2
6670fe0487f226d300279a062bd3ba538e44b30c,46,0
f21a27705e594e37f25abd5b3df91256b16acc8b,87,1
3b2231bc577af7e0b06a743d31086bc5bdf64197,67,0
db27dbf8ba238748155b3d970de11df5b5a97ae3,145,3
687ca6203173a7b7dc92b2bc4427c6b87a3dfec3,42,1
4b3b6485057b8d25390f0a524e53fce82bab1018,154,0
ab3f92eb3b31f7364836e31969692df93c9186d8,626,4
f9b410dad4b4fed8de76f54f10b56859bfbd1dd0,1085,0
97d6dfc9e1c24f3869e6802a4afea58472b75ec4,579,2
c193cbcc4f2441f7d9556585b971ee6251167b7c,6772,1
fec5d96e191c23ed0627fbc169da835d200ad6ad,62,1
80a25132da88a88b0e322ebcbac93d0830bdc7be,887,8
99109b999f2dc2d6765405fc443fc3fb3a77a10b,2,0
ace5350882146215f12d0026313107d5356e2b3e,37,0
c3994e75bc46f9d7cb923862e34135e07d81d756,109,1
6528f53ea5e84a932024ca574030f8f81051d40e,5,0
fd9b577ee1036b104e743babbafef232b293d0ba,58,0
1b44e27d167b626aceac7d8df7b2715f4e295547,483,0
ea8e97f53abba60581b1cdd33c252e40cb2db45b,6,0
70881b28afe007d0b7b819033229af4fe0e840bd,654,1
068ff93e9a03912cc3b04b5ae7548dd53ec1f4b0,271,2
40cd08109cadf50e34f8cb862a21dd7699ce9c73,174,1
71ef07de51b01a4b6896b2aa0db05fb071eaf145,75,7
58b0f6d5df423683682832b7bab9590dff9e7664,171,0
7fbb2fe1e587cfe28e69ab7e5f7580a4b29043c4,3,0
723fb36cfb859c6aa2719546b31cbccc2c96c53a,18,0
3af98f2194bd8d11c6311b13b8ddc61770acc6e1,32,0
8caf5d85f2ab33625eee36b0c85dfb8161ca30ac,257,0
831117e3fcabefa14c15c2505aea63e5efba6e40,95,1
bda95a0f8ec0438b654b03cebf98fcac313e601f,1707,2
9f75f51205b69d5314bfbb1f1d546e8cbbd8f5c3,91,0
c0917c5dcc798181ed0292b0e4b3690f3905386c,96,1
a9594e476e47520e4e4bdb498d2e7bdbf5cca603,552,0
9180e5839e663d272f9ecc13518dbc2c98245681,145,2
f1ca541b72d760e206cdb119024e5a1bfeaa2ea1,3,0
8765268795b8d4d4ed019d192ec196bb07730931,3,0
f2b484c7fce2c32f51a380ba41622c56cf1b0e0a,64,1
f374ff4c7444945d62c23a987a158e1d9f999d72,5,0
0999d22c7245a51ee19fdb6b91d91124f3d12cb7,11,0
43fe75440aa1d595c1630220d7ce145ddf7efac4,182,0
4a5f69d3efa2cb3ba1ae2924ef03c4d2a93e3efb,20,0
7b2bcb79697e761e2fbcb07382d8236d345d38de,412,0
402bc0a12e14bd13672083ea4947fe58daebfef6,56,0
56b2a566696409d83f0b27c66890e9923cfdfedd,2900,6
fe7049d2d5d48d6a3cc02c5b939a140873c5380d,37,0
b58428b3431a4bd9ec99938dae68f8e4bd4d0c56,599,0
648a5f68e3c3556bd673b4c6e3bda9e8e522c069,52,0
31f9322216307f958a1c3ec79e8a09cb0a5f5b5e,656,0
9154c45d43166ea921fec39b1100654132eadf25,1318,0
d8f682fd6e8552e4467d012be6190412f22dc499,565,2
d0b3a8391b126f9a341779876239702086a4dae2,43,0
5ec4cff340b90191853f95167753e8cce359107a,92,0
ef02ebe6b4b20828ce2ad3972533175c1629a597,582,1
87b2296da9eeadd80765cfa49e3d262c7d32b4e1,243,0
8a9106ce5c128ddb81cdfd96c47a96e27c848b56,5,0
93ede6a41dc65ba7c5ad48885088b547599952d1,3,0
e20b4487f6ceba4d2c52b7d49418a5e2075400ad,165,1
4db85d849203d8c548e4bbc54dadd9eecf7cb224,9,0
c638401cbbe07a19c2b585e706fa8916acaaf2b3,104,1
cef21e6b92d070cc38fa8c360baedeece7aae922,104,1
ea4d1a38024216c7289d953f21521d43426e56f2,507,0
e1809e614712a5743ffd2c0bcf0aa381ec50913d,135,0
b80958612d8b2ebfb487b4b69927cd0b47322ad2,76,0
2cabd9d9957993480dc9f1936344fd14a6b9b443,148,0
d86cef1a07e68f75e8e199519f82873204ee4b39,23,0
b5720635fa6c23d1e3df028c0cd8ff9671e4d7c1,10,0
febe149fd797ea68878a1e8511627a4a487e5755,316,1
b6aeed05f235b44aca33d094ae3476ccc2f4842d,533,0
56dd1a8b5888aafa4d051a49c996b8c53beff79c,177,0
567aad99cd885737b0607c5530cd219c5aec58bd,2,0
4f5114b96270b9d7f97048cac362d586444a52d3,690,0
9c2cdf83beaec7f3ad24066b3a83121ef0e0b370,190,0
e5bcea382c74047e2503a4ba891eb19fed813b7c,327,0
0bf5b71163fa366b1f91e7d9c5b6e4ce02b827b1,4537,0
b00e5aae4544536aca8f4fbcbbd1634499e58c8e,362,0
04407525b77488d0573a2a59334e83ac40e1f818,29,0
20f4718e4dacc87eb6de336034112fc774853022,25,0
7424b963a7e3c07ddb2819a3d65826bc597a7c46,757,0
931e147c98d8796fad83e3becd7324672ced41e6,4258,0
69f3a0fd29b19415281f3aee7e6b3010d0b058d3,32,0
f02311c0e322eb3be0da28458182d1ccdf4515a9,2,0
29bc4fbc5c2fd47d3dc6844bf82cc72cb2c1b37e,1111,0
7fb29a63b32811edf8f3ac0dd4f797eba7b071c3,117,0
037901e15621b72b75b918ecd35881c6de60abb3,3,0
bee4ac42f4c98a2c28f69e96e436206d1d822fcf,3814,0
8c7a219683cc30fc12fe20ddf9fe7fed4748145b,91,1
9f5102ff3e2171dac0a13f2fa66efee61d7c1812,14,0
d8b1b38fcaa331cfb2aaf79b9d26012137046b92,2365,1
f9483ddcfa578498747f5118c9e4cd56f7ec23c2,30,1
4878dba1e2d73ff42f6bc2650342213ab3b04fc5,2736,3
04f48c528004fb9b4b661758c5c410f12e68efec,1549,0
0f281cad18ed5c1549b1286a9358a1eceba5991e,5920,0
3d3c075d7702351604ee80ce996f90b856638608,3,0
c7bcdc0ec9de0e2f09b235f9c1e7ad26b33ace34,341,0
a6e9fea1d11095c2970d2cf71150db19c6f5b8aa,3,0
f48e9fe97a79bd4b91c7b79ddc8c362858ef8132,19,1
9de3847434bacda46385b8fd09320fa273fda070,69,0
7d66b3b138e0b00be215ff9175c5a6e305890d3e,3,0
66c0f7ea5e636e9e0508f605543a6e35e1255c29,715,0
c5d87fc5433f8ad65526768a17be205752a9fe46,41,0
2f5ae23d983aea15959e1e6b3777817aa86658e5,5,0
3968cf4375bcc2098d926bb55acac17543b09b44,22,0
f0b3110bebfaef1326b3000a8a72f5d62d6ed11a,5,0
1ae00ff6eb328040fbf8e5ccb2ff49de1efd7714,343,0
77e7c01cf2839110a4454cf76c8ee4da40f03cfb,2740,5
4f8e889a09b92ec38916c9aba0ec19cf9eb54d64,59,0
96ea98ded15296ef8dfbd9015f61e719f0d4870f,9,0
293d9ce78ce79314ddf41dfe50d9cc0d6d2a7078,1328,2
81dca71416f8605f765cdb250a6c776f16fdf59e,54,1
e0d1294a316f162fe9e48824ebce82e9012b5194,156,0
3c285b051b2320228af15342768cc1149f833e8d,532,0
ca2af0f295244f8e3bc99890c1cdf9ef7ec5bcf4,163,0
919d8c006701a5462c546bc136957365c83fa7c5,264,0
b85d4099bf0634f99691fd5d80a5e9408561f678,34,1
2e69ccc11a8e38c60867ea82168f7d8ae7139492,5,0
24d18c0b7ad2a26c7b46c4d68196c92845f51077,154,0
c5b256ffcbb46d8a491c3fb9a4112610ca740e33,453,0
5d0d7e76579a63f2a512b3572913ce8549be9009,191,0
225299299e6c8cd790d092ad03041f6af1401a82,3,0
d8daeabab02f9b91900595f943649d152161e82f,122,0
f8ae898fdc3adbb5a5f03c2737119c1ea0f8f2a8,195,0
d11db228997c3a12e1f9fce70f5f8776b39c0b74,675,0
c9b9b32f8c320d1707acac342a20842d69644022,2318,3
dc0f409151202033eab925d2824cc04319e09c3d,393,2
73e40c58652b9eedb90e8904f0c602117e77c6c4,85,0
cfd1011415d8d3154438941d98557a8bba678ef8,110,0
cbae6ef61e980a0730015a4b309e4f0d2667ddc9,3,0
99ba038f5397cd262126e48a507e050c12f79d23,3,0
eb4837d285a83f70d5551fb8698827629c1082b5,15,0
e580802d893ff2a3ebd53f022a13a727f60b3f03,609,0
6ee7105c23e12e92cff74e5ee4e77afee08dfb97,20,0
5e8f0e90823b927ce0785e545bb83da0323d18ad,411,0
5d5eec32abcfe62ffea108e67daea980672f327f,423,2
4f685c051a8511e108738cb6a257df2cad662131,522,2
539e9f38d219eb6042ff42dfd1cc6160f2b12f68,67,0
de555829b6c46e52fbc6eba7f518b19c1fed8ecb,343,0
8260a08a4bb155aeebaeb29844197c68de39ec3c,12,0
76a236a63d28ffe2864e5424f09760a3568a84a3,14,0
e5d7f0fb1643efb99b1b8e89a5f432b18ea2e4a2,111,0
98bd8507681cb3581142073710ac40184813be90,76,0
d43c5cd6244082f1ff2d90e6cca48ccb37d1214f,1596,4
c93f256d6f400042fe464ef893e4a33d73eba5c7,7,0
c0a19e5bf49da826859745b50227c588f6966a31,483,0
66754b07f91fb2b489660fe1c221e1a9a01d10a6,37,0
517083e79f0bbe723a585831faf74f45aeaee8ed,1377,1
cc9dde59564a58dcbcdc22a183e88fb2a90cdd6f,387,0
393699828a7890d596a75c3de9d66098766da190,391,0
345ca8500ac829b32ca2e5a6d7c9200b1b0d28ca,89,0
7ed7cf0564faafb722693237e2a0b25a8eb8eb8d,360,1
adcc77b29e5a1b411755e2b8dd2bf12407e17f7a,225,0
db201cd06719cc7dfb994f5c7a071bde8c71d021,143,0
3060ef754d26b7d1e514cd0e2836cf55ab5e8ab2,556,1
689ae3cd4f18c8b8941efb35896bed2f037b07e6,45,1
1596b2f2fb764d146c67c49c9a7a885e9aa1808d,3,0
488ee3fe1974b00da260f1c9f63be8e0c194415b,61,0
29d5fc593d7a36a7422020282d211e44c75aa02f,32,1
534d7ee2f32e7795b7b856c64919b549b7aec4c4,89,0
d65ed1a89ef77b7d0ff05ed674c4bf122a635c55,548,0
a4b8b94112ca756038f914fcabe18500d66619a0,264,0
23bf9c2eca61d306008040f2bcaf7178ef955f49,257,0
113662272f92cb6d9d32876eead5f874a19d2a87,278,2
d7fb51a196f3583af3a2190e1aa14b18f19177d4,11,0
89cb8f65a32bd085bbc364845f2f748ec14a0280,3,0
6dec6e13f229c6bc216c785bbaed827c10cefd30,1591,0
e7c75a7d5657038463afb9225d75fd71e4545ed5,160,3
cb0122bd072c9d4bb39b7390fdd7dca4eeacaf1e,3,0
e73377d149754729e9613bab7d1f43cbd74cc2a1,479,0
6b2c3a00f5cd51caf7ff70e693c3674861b8bc33,39,0
c11622acbeea33d3fb7a38da8626c94283c0d6a4,61,0
81a9ff04dedc4dde7c07d8846a788b0a5c8ed779,1577,0
57eb259f6aebc2e1c918eff7ae13d027f0ef891d,520,1
78f60e3d9d628c79b863bb07f711975ad5fe0075,46,0
96a16f80db12bebd8c7749bdc1d656d18d71a64e,732,0
eef782de8387664b26e608975d5c9fe62176df34,171,0
329fec8e53355b9d3465b044c9e7c75b96c31e80,240,0
3d1952442aadb4d7ba74636424cc2c557a3c84e7,330,0
24c22949c49e83792969b0aae2de8dd7a07408f2,3,0
5bdec19e932aaa11eb191ef159858b60851340f0,227,1
c93016a586e4cef54abfc36ad13ec3226f61e619,11,0
d5b5a265765468888c0313f7434001d606dbb1b0,484,0
cf7142dcf249ffc4b33e4174f37712ea4cd2486f,21,0
1cfc0b1b375060fdf814ff1e517a2834d7df1ba6,144,0
baf06763481fbc850351774f21ce53ad9434571b,207,0
b47e43fec1209d8dc5f273798d0484a26e55b7d7,137,0
b88940b84829f6fd4f9a1e83e4020cc71b0d3077,182,1
5934a71650df76f6410444cb23fc088fe5ac9e9c,4,0
b2d3eed82b678c3243079fc25e6b47d44c28c841,1028,0
412ca79ccaf17221a3d18640e2c5b5dc5406b202,240,0
bd7578cc28f8280f9170938d4469fcc965e24a89,75,0
69977a45e15573f7a335516e5db855c92ea63b1b,48067,0
b0602b19961838eb0afe7ad02dd1253913412834,12,0
de55c415d101775d8cc8c5d4dd9f18b7a5d1f315,6,0
e53283cde3a464ea2050000d2b44f73b2182294a,29,0
b61f1764db67d22ddbce3fb149ccab579d420ff5,17,0
0e5c92bd5426dc102751de393b82d21c0a467312,28,0
115b82821c7d5166fe88b78dbcd6c37f6328d8bd,332,1
7c65e8c7532ceeed155803fddb232ab47f6364a5,22,0
5f63b7e075356862f859faf3ce73d3cfae4cd1cf,22,0
3881dd1b5775ab9418796c2bada914d30d030c38,257,0
5bbaefed6530ceec391a0b19dbb2d0a6cbf0bd5b,71,0
c611879a293801e3e8f990d786248d0cc87af95a,45,0
f8968031b8f5a267e3ea692d897555d1674fb58a,198,0
c715e759671827977b5136faa3887045c9b88c30,284,2
98e361b5be79739150f4b4097b0e7d563f695fcf,4,0
17579750e490f9a8eef8bb1cce3e2f86ca7cca41,25,0
747b8cd81f04f949750db1830c78cafc120c7438,1,0
2ff3339311e7c7e1be1936a8e64506fbd14fe2aa,14,0
d34b374bee4c035c7550aebe5fffb3eeff882e9b,9,0
6250f659b30a886b09160ff8c418ce682c046587,317,0
426c30b70b0ad3e9a292e42d576a47c0528d680d,29,0
2f48998c45ec087dcf06ca2e59cd8b077d7f24a5,7,0
fecb1b49953b4378646d27846378976c683dd2f5,53,0
3b3f353f5350214aff55f01cebac5599de0a3632,9,0
4d8c814d31850b6537c43ec997a6092cd28447e6,91,0
a59bf9ed73d11a0e4026c69aa5138ec3b5c4e333,14,0
126e51811f78503d260758c7e5d2a9b1dd2653e8,249,0
fea8f18c7205874da708c32ff2afea34898940cd,11,0
cf47b7be3231e51a23f1f573a2fdce414c15a2fb,3,0
d29ddb128f80eb7136d7894b21762443df3cb8bb,65,0
1c51cb2b60b44ebc87af1254c3794dce9a3ddc37,4,0
f5b4e5328f110d36ceac1f5e68f494d58915b75a,20,0
4c6f7f1e105a4cd700f4b41c02db2d955de82fc5,18,0
0c28117a5f3f374c161f56d1de8afe75d1ea0435,165,0
1a58d0a596cf73265faf577f2456e10431338642,388,0
c360271fd35004e442c8e94c56fc70b66139cbb1,173,0
514fa33e0c6143cde51c965aa1f0427f16829b67,15,0
f4670ad8be4c94a60c3b0fdf7716ebf6837404ed,254,0
9b669b8c2b9b4a5858cc11fa7a8b0ce46ad571a3,22,0
78fe362330dce9af2ea0f7f3de3d35abdc80113a,5,0
18b58f98b3ec75053d8fc206176497e9d4a17981,61,0
6ec50ec4b96b42338e3cefadda58129dac0919e8,111,0
3041ef26ad04c0bddd2257a28694aa4e2b4cc837,564,3
78f3e74b7de1ec51cf2ae8e6f4247975557f0f5a,18,0
d104080a926d30bcc45ccd740f9489dd7365d0b5,431,0
853db6c1c1f55b5a2bc7dacd80a700eeb906cad9,3,0
706ded5e487ba56b9122f9926b2e4b7f6da0663e,605,0
4515abfcd14e595b586b7fdbec134644057cb1a2,3,0
2168bbba1154193d33e82cfc33ba2a16fa3dff62,301,0
2aaecb89be66d26f042649df76c970f1d7f257c4,182,0
0750ffc01bac393fd92c18a54559a57710bf860c,911,3
8a18748ecebdf4541db2511061be718f751d57c5,6,0
80de0787ea87da8e2c4017964171886f69955790,7,0
6e988c77f81eda3eca5c9cb04f6b41039d2ef185,1243,0
3e0f41c53b15e412dd5167b910f36a075c3744c6,263,0
a2c1e59d0efb498e42dceaf1264b9ebb93caf76d,99,0
669e0f5e562395995c5fa3162dfaf46d003e8a73,27,1
97309d874fae744e507ac6c0c149598a50bcfe87,7,0
9d3ffc3e2df5c243c6cbd2e1dfdabda792eced0c,12,0
9a2110aaf70b010454413f67744903d54a966ffc,92,0
9607b3c9b9955a64245dcb48dc882c83510ddf99,19,0
195909599c900f19f21c590ba72bb164841db252,23,0
f60557fc7b5394a7b584d5fbbf2bf6142a3412ee,35,0
4e22642478a29d1c98b388a9fd1d1c27fb6b5bae,837,3
ade9311f74abf41ed8867e1e76e4ee76ca24c0e1,1463,0
e28acdc03a9e996da2095bc27c6d1cfca45eec72,911,2
189448ad36796d2738b1c6c22dead309746a6761,13,0
80116f8f13d60bd2ef425f8c2f31c2bec1e00afd,3,0
c17c53dd03305ad83a535313a7e3a8e1cb24cf87,168,0
feff4c1ae1204298e1137e46bb64bfd7a5463ac1,3,0
b4b1381a14c63e4fc2800f48d983317bfd875411,1229,0
0c5672d76cc3946d8c055018643cbdb3b73fa7ec,12108,3
7421ce25255b6a6ade901a3d1c7543de49c22b38,12,0
56d14208b8174607c7fe0bf22526f734a067f3d6,6,0
18bd0cd79822b5abfb8d6699cbbeae8ff1d0547f,2,0
eb0b4d294d8140ed2c1b3bc180ba53336a57ffaf,46,0
772875f731a3db99175db1d218b8b6acb2486a83,37,0
32703611fc3be861d48343b15eb697f1afa4d79e,14,0
55e4584aaf904b4a8651775c8ed11dacb848e00e,78,0
b0368d8aac39a8529730c5f9d24b10a720f2cd66,65,0
052425d1c204f5221837d23a9768485c6d10b761,4,0
1069e46c39d66be7bf4f845cae83a7f7e6fa73ed,12,0
58ad9bacdcfff05ea45794126e410effcce62baa,47,0
7c44fd2146a87358cb377d23d7092a985767882a,3,0
f4a75fc8435b16bcd6d3f437de1bc68ea1822e12,14484,0
90177bc6f9e6874484a0976d924635179f110299,46,0
cd86cb836f8176efad82aaedc37a1c28b894fe2d,18,0
0aed2d767fe07ba51f44677ae3e4638f9eb1b6a1,48,0
b939740f58c862a7e0211f149162c07b13692afb,63,0
b2facbc00f676dcd98a4cc425d049250d4793547,41,0
d27705a1fcfda7c17013ffa8e3dc8edf14d6c209,26,0
40e613b427f46f6c8bde23cb54ae2493aeafe03d,95,0
c8620b489b2ea227b6538fa426020045f1351546,6,0
cb16f703bfb25943f8f2f38ca08fc13c4f28b069,7,0
66907f3f259cdbdc12a38aee6a6e6ef314de467d,292,0
395d0e56abd7b20398021ed8e4465fa3535496b8,10,0
cd56759dc14e6e4a2eab5c0374fa4d98c14e76cf,193,0
58fa4576ce520ac74d4dc1c9a45e0b0af870e27b,206,0
d0a88e6f1deb218f8d98cf50f8169fcbbba7bb2a,5,0
a4b4e37d832e3270ee16c9c1f296dcb58a328e1e,22,0
7b30fb6a908e715f6c5c237f29485645355f4e52,2187,0
436818487af75374780679c1c95e80f2872ddb1e,68,0
2faebb8efd69833853f62d89b4f1fea1b1718148,2874,0
1c5e3cb8c0424882b6eb1fe32604c5148235346b,739,0
8c145f50c55742ba4a9456ee439abd279f4e1d23,340,0
f53e3564a270e57690edf0e58a8137a78d9eca3e,217,1
31f8d332e3560df3e80d9d45db7fcb69e0061c36,138,4
95651d8cdf61e3215144c28b74f098d35613aa57,205,0
a7452aab19bb77e30061afa3971b893b5d618d16,55,0
3cb2ecd1c41dc948445be138f4a834304ce4dd9e,26,0
f74954de626039aa3cff1228ba311ca7bc446ae3,12,0
808f84ce7118d95e917a0cb089083d3f17c1e296,915,0
6ad9cd3ccc1f0f7b28667791bdde1d4bcdc205cf,114,0
3ac26033844e0d98250383c6dfe71dac26be8048,4,0
70411b9f9ff88891b415e317f77b15522f7e093a,5,0
c95d7151ba45e743ed75701e6c794a028fa6e45a,63,0
4fc62996842a6ed727007b3e878e9d8d554e9991,289,0
860c04301a806466d261ecee7d3e8cb4a58bec0a,238,0
2e6c387d461dfa4a066a50640327bcf5f55e43a8,79,0
b0ea9583d24418653ef341681d68fedb40219dc6,1371,0
503d8981374a746cc9be4fa30ac662f46ce7673e,205,0
d68a4d724478f9964959732adc4c6a4deeff67f7,72,0
2b3903e84468d28256cfa86979dfaff1aaebb32e,146,0
4df27cfcc3d5704acfd6a049076777023cf72858,419,0
da51236071a7f30c38c7a05d91a019054d44631f,179,0
57af2ce4d66ed1a88cdf4682fd06deee8975ae99,3,0
322d190fb612089febbf909d55975749551dd921,185,0
b4de7ea8ac0f574bc391b2476cd38dd9e9df7bb3,19,0
05aecadccfaa119dc11c7879737089336d36a0ee,5,1
d4f80afd3377a07f8c8fcbb53eb98e7c48c768ab,6,1
4832fb2f89ec8d25e31f7c15296e1c5e1a3d72a7,288,0
d821cfdad3789558312037d6946d37086eb683e0,109,0
3c8c1738e9411f0ea3394410b56cc09d1492b378,273,0
1fdd707a5b6b03ea08b5e54540dd1753a22a8419,9,0
5c92f1e644b325e46fd554338b8a858179b6f73c,764,0
27db85e9eac8ac8fec432d6eaf167be57f601948,12,0
244fca958459d229ed5cab1cb921304cad3002a2,15,0
ffc415f9b68c1d36554e0c59076554c90b03e69f,28,0
0669b668c76dd19534fa29457265b1e34746c593,153,0
9b43837581108f82bb6999030343eb9e94795fd2,25,0
573748d78b794244af4a4157d6d54b1135d9bba3,12,0
17ffc4ef8220df33f5a11e83fdf45f6fde212296,66,0
f0bfa55066d5e9520cdbee632d52f8997d2175c9,29,0
72edff68224540937b31917fdc035542d727b26a,66,0
941eedbc16da95a77b2ef8dd2ddfc1a08401ee10,141,0
94639069d3fd6b1f1c993669f24d2928ca0873a8,43,0
d34e523cf1fd600e70e504e94db9a5af9978f2e0,207,0
654598bdfdab6f63496a02e00cc45f9e5575fc39,18,0
e69bed1dfe065bb8e77de89bf9ac4a98a4e6ad83,71,0
54c69c7866ba3cd4a647badf9aa96f91e75afb8e,192,0
39eb01e5cf5641b78818ed3c32bc1d69e906ee07,118,0
23cee7dfa4786b00c3afdf7dfd2faca0ba30b4a4,37,0
2468ec50677ffc2e4ac8749c85a3e7c5044c2550,9,0
13656d49a9f796c4ba798846b89c68d07d4f60ef,163,0
ddee8287a3339714a03e83c2ffce769fb24d0919,139,0
0fa1e22c8d29150e79e68702f84be1b085609640,2,0
252a0e9556a78b3788437233153ac8feee636e91,77,0
fb21e797bbe8e501484a21fb5c9847d05dd03d1e,36,0
60f83a26b375dec79e1803a36ef83400af5e6d97,318,0
7430d03c29018ac22c09cf4fd64e0b0b269c3eaf,61,0
292b759a962d718a1672dfdb37b00b879010079f,16,0
f24e25b9218b1ecf935d059b657197d6105563c8,9,0
56bfbbbc0f6f0eaedd4c06fb0ad2d8625c3af501,315,0
e88af3e6f37bd110491a57ec2640984827adbe5a,7,1
85a87e89fbe339cd82bc502dfe139184794540e6,4,0
7d2de63bc7866fe38ed3c57753fb22062619b60c,131,0
6c04b814e526a9a5da243fc05122d63df741cd4a,27,0
e8e2711164b7b3b36594e7f5fc7662d9edd74dde,173,0
1c77153504a0f4ebe9daef68751db657bb9bea9e,85,0
75c12ebe54a49b0c077c900221c50b8130d8d512,3,0
05a806000e440b209e2310d8d242c86af03be22f,60,4
556ec0e648f5eea99997c47ce3f7f82ba95850b8,16,0
5b5d570fc665fd0f8474c3684412cb23abe4ff2c,45,0
e30641a145b384e52df511c3b7a9c2fa4e30f59b,3,0
6478ac4e581f5cfc908a0f865b605c95247b6fbb,7,0
116cfad8808a1273fc84ade17a4aa7f243499623,3,0
51f4252e9af47ea268f3be814d7e1a788ae721e7,23,0
b30d87903153357904d48d3743434d8501f91e00,30,0
a6d11c155bc5967c0359129fd335de637676f64b,302,0
874ab6a6524208fbba27d679888aa02b8e7cf2d1,7,0
27567b7ab6053ef767252977976c71b73115c7a7,250,0
ca58ac9a86b15f9f7ecd88f458974b1541a7747d,190,0
d3977d11dec6c8569bbd3c75fea08d2cb1506e64,390,0
1fa0a762e17ce7d8ae12c51b387dacdaa05015a7,331,0
b9792254101662554217170b5eae4c892f102c87,35,0
f22a6ecc4fdb5ce7f81171e8897b45f35aa824be,45,0
3d466cf3bbbd979adad87bebe41ccd9f6cec1027,72,0
54fb0b410022cf75f66d73356dd5d3fc22d65f32,45,0
618dda079fa3df9e2ce0b0a2a6591856bece62e6,72,0
3b230242a70119696bb266b4544409627ddaa3b5,35,0
04d9d45824da8c184688f23a8180baa25bda1400,28,0
4f79fc2846e66d90a723fc49645acfaf3439f2a3,59,0
10a41504022c6158c19cbaf5d1292835806ed2e2,256,0
8901fa1f79943257ea030cf140d9ce98a317f69d,88,0
75275d400455587cabdcf4760c55878f5347495d,3277,0
5ef3a42da48893d69ecabdb4892ddcfd81e7cee1,76,0
c0fe073627dd737d3a8df15cf1aadf408f984087,27,0
72b8b10273a920b19b5164f17be181f358c0a91e,970,0
c66a8c6e2ae92fcbc07571a1e7ee7f0991532c2e,20,0
5739c09bf1b0a6ad5169d76203a84cc778e3a56d,394,0
8d56b9bc27b9f1041b530c12c887c6e0f822bb93,177,0
f2682309ac038c264e5f375686c5107d4853ed29,56,0
d67dc6727d3d81dc3bd61ffac9a06cc86ab782ef,28,0
c237717e81088879bb8974719ffa3d27943a7e39,1176,1
0ac5607d5c40e7bd30409fcd382fa551cfc6257b,18,3
20b76e65177a86a6fd1a911a4f0f5f768f24b03e,359,0
031b1c9cff1b377e21ca29058525ebef48afad0a,9,0
1249590d78327f0cb239829cad5735b9e71097c7,449,0
56bf9c16531156a48963f58cd3b5994b31b74b66,32,0
19f2dfdecc26a6f1c9d764c962f99a888035f4a2,3,0
3ceebdcb755422213f5608f64dc01c2e314bcb87,336,0
565dcc5b526445dbe9318cedef62636fae512fdc,6,0
700e47129bdba4f8fe154d3d6c1fc995105eb6c7,32,0
65c21f23a4f4af299e2bfa0988a4e14ea988c22b,226,0
8dec01f9aef9098223c49aea691663480b69a716,223,0
48ab638663ce4ff3ba104abe654f70deecaa13b9,417,0
8c33f031868c6de8d8fb5ad4b79faec0807b7c53,555,0
b56151187685b0ef13b5a1a4d90c4d06a3602537,254,0
7b7a79c523e5d9734aa611841fc18e40c33c689a,93,1
5856f5559837b8c0e0ca7c5c32a410a5898126bf,50,0
db95c951dc9d0a1ac33f9860d56f82ad175a3ea3,67,0
9842769a0a64de895226c65a014d705846cd9980,2154,0
b6f1ad937d12bea559d14246d60253da032dacb7,285,0
2030302c1055499fca21655dcd997e0aa52eed70,121,0
848b6f111ceb69a0d34942b7f107c45d28461b61,83,2
145151aba9f34e4e1c4a04d4ccbe9dd80cb3b672,69,0
6797efb9a881322c57a3dfb79c1c283489a7f039,330,0
5a4e2e5171298678728d035f76d1547d88a112a0,75,0
50a77b44b416adae44a9b7ba487fd99ad511d432,12,0
37f70df6ae185103fc7c7309ed1e2e44b6d0c7d4,33,0
75ac42fc633e174ba2c8b3098ec2ddd7817111f1,52,0
faf991b003895f6ef5a7287a6ed0b6a49c977271,126,1
8da9f478de9323dd098d06bbd52afdda3a27ce07,42,0
adc083c8c13d6ac6d382d4fb333b5ca3bcdd2187,270,3
23bac52ecc5b39911f4d72f6ec934bb038041d00,160,0
65b785e4fe0a11a9ccd0b787b85ffe886c6854e5,20,1
72be805fc4672f7f29c96cca95e16d59358d4dd2,79,0
82cea24256722a27a82234c95240803d49b5e0ba,3,0
01bdd46edcd18e2f8ce285eaada492e28fc8224f,34,0
4b6251c0517051020bfc1e8eeb43a424e4b57e8a,12,0
768c0308bbcb2778cf877c0c46ba3bef39fdd16e,6,0
0c1d9c8a5f13411c95e14133c5d2698bf60feea9,96,0
610535806c6208e53dbe0c2889cc944cf32835c5,95,4
fc9bcaed71aa4db1d80b41aeeed2babab5b74d1b,198,0
6fe72e294afed2711556837c38457d26bad8f95d,95,4
929294341ef5c9d9a423fad6f75da3406086efec,95,4
6eb2eb115fcdcf33b3d088ac767321acc7714c51,838,0
3bf0bf1f5d28edea5a4a20d0a1ef7a94805ed2b1,110,1
a94494bf4ba89d05b3e8680b3139736204781c35,389,0
19bd28b9bbb1e427456e1caa9b1bfbd51693ef17,28,0
214582d7d643dd277f32c1c43e94d3301f3b3110,83,1
39b65f1f9aad9a6ff25fc14506267a7b7fcb6b8e,20,0
d75f4f2b429f96e49042991a3af9f1fff153f740,47,0
802f8eb41a87ddde9dac177674d51cc489174bd4,18,0
be8d662fe643a1014adf0d9018f0b642bc4bdeda,28,0
1d997b4a3bebbb3b3df493fd418d68850b652555,937,0
63913bbed3dfd8a2d64b06a127c69482f90144cb,427,0
4b30e71ec803e3c8209a73477fdea54d8a463869,271,0
5088efe6ac85eacacc5d576fb44bf517f8d940c0,2,0
9ed4cb6188bcc17f6590a2d3458d18ad10f3fc53,107,0
1682df28328462a8aafd6ef544dbf00a696b1a89,50,1
54d3cdc681c5ab8b619b7a599a4d7b100db91a34,16,0
dfd6df3a584b09990e088ff9ec073f369dd4d52a,68,0
b2b3a6e22a6f185b88a092f2cdb0773108af14c4,38,0
24391a0e225ab80297f89f2c634afe1f4daaa302,65,0
65e9834991d8b48d767a89b51875152a418873a0,10,0
578ff512c5de29031e85a33623ba7a2a712171c3,3,0
2d15b720e21b5381dd5e5fb01e04557ffeef4d3c,58,0
8188a3f2bce6fb5fc003a9b859855ee2c3ccc335,12,0
bf52f6e6374cf833917ee7b795249b18f00a254c,391,0
ddf02aab80df755ff87986813b2a332f399f9f6b,143,0
81cd83e2636602612b5902e3f2f1d090a64b749b,47,0
a88dcaf2748dc334df7b297c952729c049ee7fa2,3,0
3f7d47fab348fdf1486b8ab631f354fb69b54ee7,9,0
b2dc35db0a6ed07ceda6e28c2db4e7f9f7696a04,774,0
937e61ecec560764ffa3e0496d9465372040c04b,14994,5
b73e60bfdd00c6ec4ddca39240b55e82b34d28d6,91,0
1eb3048f28542e3e288b17d32261e4a25c77d56b,3,0
f7d4c9ed2c03edfe0715c0cbcabdf46e13bee6e9,3,0
ea79029bbb95e5c66abde07a1b7abbf5e6712d6a,15,0
314cb000c36e21eb572b9087cbf1719533d25b68,385,0
acdd01f4a037a438fa3bbb0aded9094f5d863505,731,0
fb5c0f9769accccf43684ad9b6e1378f02cb8bef,340,0
998ced28bb553ad8753f9d73b5f3d20c1ccb7222,3,0
1ae1b7a4ec6ee0a4fe26e4b6afdb63b2d4e81c84,133,0
0afb01d055d4270701d650b99b963bdce7ede314,52,0
04c1c931a785e24b02acda5bbf49aaaca20dcd28,4,0
9b13ceddc679afe415b628dd466bf233ab95a1ad,7,0
160e1e44e2450fd39ac28b1b3b9bbff31dc82b91,17,0
9244defe205786d2af703ef5711ffee4dc89ac65,8,0
f621a32379b5af8dee77d242cd2e2808db1a040d,5,0
6fa91e3176e831622c8a1432cc5eac349d6f00f3,9235,0
ff1b958d47df3675228bf504217e5aaead825bcb,71,0
5cd74b996fc8ca3e1870e159fcd81e516b31b496,62,0
77119d90a50fce18243606ed6a0c8466309b521b,27,0
bdf614751c616cbf46f320db2fd6619ef64d12a8,84,1
fc65e0c948411dfefb878755be1703e2638878d6,228,0
e90de17cf10a66e14a027161e725636ddccb87bf,5,0
602739f4a19184cb6bae32a2aaa1cb76140b01df,320,0
9479ad7662f3e3db9f9fe7720746707e774019f8,5,0
84599b36775181acb0a8fcffb39a61d31368ee26,28,0
45f1f6f992936b2e681235c5ee7e18de080a9ad0,3,0
05d6430c625780d71b5abeeb51a2acafe6ac7e2d,314,0
0397f49485e352e3c41e3a55e8c12d4d5e1a7e98,122,0
c132986aec660c8bed2f7b8bd5af9bba0a22be7d,1263,2
d65f9ded9e4505e426335802c602407fe34e89f2,8,0
c7266b8bcf3a90763bf7debb92a01b9777396554,84,0
313115226787704ae267fac6e7a4621de479999d,3,0
a2cf0dc848cf1f15fd07b77a93c6e9d0353bd453,3,0
99430913d41cf315b3920bf93b9684d0a303fb5c,5,0
33201e6eaa1f1fae3f49793e7b006c7a5c7dc607,116,0
6bee3c1632242299d036d5a12f04f8ac69601504,43,0
6265879ed6482fafcbc278d82ef6416b61377407,461,0
69ff22b567db19737ccd9cc5a0c8da89c2c53cc7,12,0
61933c6b5a70a5fe3649ae6bac34e96b4da86855,190,0
4e4cfd9162218a8806bac11728c22cd161f18f7b,2273,0
068cff0e5c95ce8eea8aa4808d419c329e3278b1,34,0
dab2551a25eab753bf5bac5cc3db7a5a0ec39b99,545,0
fca5f7ffb6e6e639f62ad9251b0bed5ab9dc5e0c,78,4
f6e3e7bc202bdf11cd76190cf21943ac1479809a,5,0
7da8a7fb9bdf067a590879bf0b8b41ecda16d519,14228,32
60671aa925a91602167b35330936ba540f83bb6a,14332,0
4199e5063fa76b9abf00507495f8a50f6e1e39b6,240,0
bf35b3a4f8c441fa5c6689c1f1b1f633fec1a7fa,8151,0
9d54a09f5cece9c54a8c6df3b9245a31907e1e0b,6914,12
5040068d7214a46c52ba87e10e9fa64411293cf7,1329,14
0bca1ff4fdcaad459ea87f39e2f8ee9e3cacf416,417,0
8dc43d4dcb3ef682dd842aee9e074bd9d4f301ce,207,0
90a9906f589f8f5c9ffba9062963cd3bebd78b6d,31,0
1536c73c7a5685f753840a4d0122c9fa3aa70e2c,3,0
71ccbf50701da9eb0c5ef8f5d1fae372a44a1154,112,0
535770eaa1935d04d5bea13d326406e7c9286d77,282,0
9ba44b975d3971664c9bd3daa9945d845a335251,1766,4
0d4b9b82352a7ca34ad61556a8e69197ae83b187,253,0
dee3a837b13c030d35bddf14b5293d21da064e66,1348,0
1fb665277a55f76a37aa23244b150fcd42683d9d,179,0
5e2e6a57ceafadb8bcea83d0046b2fd6892dab3e,155,0
e588327342b860c06de40751357f41bbaf8e4e84,691,0
81543ed7c4bdaafcb3b8f4acf9cc6b6a84a79f37,129,0
d20fa007bea5968479b62d7fe362c5fbab539d3d,1618,0
63e5f5c199841bd7cfb3b103252ae93cd3ebbde1,110,0
0f1eefd70e73abf4ddbdf1ffc77d5238a98b4585,54,0
0ba950964456d94ccfe74dca967d3f78c71dcd87,1115,2
40904405f03f944d7a83da9d059ee1770e0085bf,189,0
50ae48339df4a11d115ac4b76b363da9796a3260,16337,11
6291724ae1fd4dc8b48eae5332bf123e86375110,1675,0
878ab8e0b8c09b699d1e9eefd57e0838bfac9b88,2,0
514bcf02ceca28dba0d56a57f3011b6f68eb4c36,42,0
8c8058af1dedcff635a567c16001cbde2f516728,67,0
fa4ab140c5be9856abafb9fe6253f632159a98ea,10,0
9f018fa3d3f5066d4a97873070d25d640afa2b84,199,0
b4de88b08f19285a561f27911c86877fa4e18b13,229,3
f4844c108063ed2eadd697fc8badb62e01315b5b,165,0
2e519d24d7f5000b3d24dd1511d62891511f1e36,51,0
80c53a0e686090f5415a47d0f8166fe1fb60d3c7,459,0
966447524e67eaa8156d231d67fabf9ccdf6291f,57,0
12f65efa60db3f26ff7a86a81ea8f911d56fa14d,1136,2
2fac1a927b9601378453a1eb09301bc32d52ceee,23,0
74f6569d652ece46334109d22f285012b782c35e,1305,0
cdbe32e5ec383d294adb9708bb6ba6dcf8f98ac9,153,0
247d3139cefd5aa13c108f78a638224365bcc1d8,14,0
695755b896fb28c7c2ac58e031cba162df9c7216,236,0
4ef6c66b8c388af2c83cc3536e4c9247f9825b9a,123,0
1133f2bb47b7eda81fbd181e51d474dc323f16df,882,0
5c29b3a3b7d7c32600071810c7e35408c8722f0d,23,0
e836bef1fbd06421f3b21fd62fe2ad62d72f6ffe,47,0
5eb043fa9d230cae363ade6fc2859b5e9507afee,513,0
26ac0465a662653910405f60e27279dc30784c75,5,0
8ef1f5137031e4c148b2d39903ae4845b6f038a6,3,0
accdf4a011198bef29a1cb1698b40b562559797d,9,0
b84f772b514a45bb3e079bf6e9a84ed927e73a0a,5,0
8eb3e20a034ffb86aeb4328a46b22cb621ea0a90,327,0
dd1c1aabf3438850f88e911bf55e42a39f1949b5,724,0
3fed340a35fb224cdf0baa8a17f1e79beba23c93,125,0
2e49defe342b6566c4af75cb8e3a9d35e7906757,9,0
78d6b34358a595113d0032f6663c1ccb54a29e1c,9,1
c15baa7fbe7bf314061559a8514be6220b66bb63,418,0
1a7113adf97a4fa4ec5cfcbb431837ef5906ef9d,434,0
50f21b5b1e1ab986f1aaaaa0eb3633de97ae14df,380,4
a0f5a49d74f01f00929c9d4e5048161c6bee23d8,91,0
a1436e3dda20f1bfc4a94ff233c284aa51202a9a,15,0
40c8166a0a9a8c61926e54190346855c8b6b0147,4,0
4eddb4a4daa11196598baf4181b010f5466934a1,158,0
230823eef00b69fc3987b8803ef6fc3fe40f0e2e,46,0
ee8ead4669433e0de183eb7ba65a3e1e54091ccb,28,0
ed83f3d4184512f10f5834ed38a26462194d9a55,3,0
937a16f71244da3273c70f7478ef9d8a934ab309,4136,0
e68cf27da85451a2c4d14eca366a0c125e939972,324,0
9728f7ab107d8f4f5ce5eff506143428c3ee86e4,10,0
5b426b5d691b6ab24b743bf105a1e6ef4b7559b4,310,1
f29f6768dddf66db3a43bb67bb1a977a6a6f8dd5,512,0
63f7e2cbbe001a91e352f3e8858cbf8bab5dede3,50,0
8b3e46312dbac627bde98a9d859a36bc516285e2,201,0
e8104e5935a0b15d7ccbb000650f2bfe90525ba0,200,0
aa92203c4fa7b35532d3ea715f736f29ce801ba6,562,3
e7d22d1488799b45cc6276931938859db52cd8a1,211,1
7f95da6b6bcd763ac9b088b41502465f7b986b3e,479,0
faf81ba75611d9efc026381a78fcea2b9d69071a,4,0
0c2d71bce0030a77ffa3aa1049df99db368b78e2,18,0
28e3b76d149b5cff538bd7ad4973c2e5970b3d09,247,0
cb3d9bb7da748bcf4bc8f4771b3346b469212c41,6,0
2ed83e277aa3466959a06aa44ebea1ecd5ec9415,1388,0
2b1321742e9f1b718b52e164212010f78e771ad7,18,0
6f24e75a307afbf3662efab2318cd13c3c90cca3,66821,0
a9b97bc040cabc40807637834eab2106502271e6,123,0
efb4e7c578f9ee5188414b2140ab7b4a9de1ec92,1036,0
9f2515b564ad5b120d2a0fd3f4895eae4a81b866,16,0
071e1ea0384d3eb86d2ce21f5c2353cb0ce066c2,356,0
b8284c00d71a4c875b0975de24d74f00bb0aa181,1927,0
b8af34429d807552b7930fbb028288a358e2b7a6,152,0
a0a9ed0743b0d42f9ae1ac4ffada6cdba013573b,182,0
7411c5d1c8a6951d1f671774e1f68e2636a64332,593,1
1dc675785b6296d034a517127aee2a79fa57dda5,722,5
f043e8642d80d4dcfd17759fae9547bcf038a714,5,0
92e6fe88c5aa2131983d045b4dd35e8f2ed331d4,45,0
b1a7fca0f7194860f8f1cb1747db1c96be4cc84a,88,0
bc2452a0db5272208df600542fa7d233b6c69b0f,3,0
fa58973f5f36067ab7db7a1b6d2e27ea8a71874b,259,2
31412e8b6f709382e2090b928b15c54124bc84c3,3,0
740c39c2eb8097f5543bed67390c1e2ef3877b8d,65,1
61851bc5a9f890accd2015ab6878cec8372c827d,6394,2
4f098ee3ff2ae995e49eae3f159a427cb84b578f,2,0
e14299761a1e00f00567d7db67a869ba9f62cd69,595,0
4bd8bf3391341761bf596b00497aec8e56470f02,40,0
8e4b272946d4bdfd2a5f4a477fdfd3c2724a7ec9,42,0
cb527f752f7cc53e36a3f01e1a619f4923269ed5,1293,2
9c5993d1c42a087896c6f0b2881650804988fe16,1034,0
ee673b5ba758024629e8b861c58881dd09e93abe,10,0
0c2b915393fe01424c551007de4622ca4bb76d28,621,1
8af490e60c142f8100faa146c71b60fb1b804d0f,504,0
cea7bfe86f0fa2f0198a906cf02837f01b2121b6,3,0
6d01a166eba44d9a9226e119b7b86462a19f5954,7,0
5c94fd826342ec507a1021f496314b88511c8f4e,12,0
8cc2995ec5c90b838bad3ea6619cea14de7d0abc,19,0
0d5bef77402506af2c07261b210709e67be60709,13,0
299a5b3d055b87e6981b82c270f011357959eb96,34,0
e4eeb446b52acf18a9028d8dd16aa50ca9c47156,113,0
21da776810b20b509fb2f8443b4af29ad391f8e3,38,1
c67896b3dd6b170778c6444e5d31b7ec67752841,6,0
7b0482a1434a507d45681a35a2ada18ffdf5a1e7,151,0
e8d2d8e922c4dd4b6e6f65fde8d92d9086475f39,100,3
ef5e32b5aab0542994fb05f5c3bc746dcdff2b1c,3,0
9aa09f4d1bc6b947233555b003df6559aac9f525,16,0
f43d1f4362759008e9f8ff49b6a5c9cf19d05fb7,5,0
ca55b93db101cabe35d67ef33496f8210b05ef91,90,0
170c5061a0e07a2fe88bab6be8f02638ec443c25,116,6
b22d207b264a5ca0c7a959e3f20558b9c53f8ad5,2,0
42b23807d16d7085e56caf4d3aa91eedc56c6ef4,3,0
46a6f079e79fac188a990dbda4f2449673d9f439,11,0
6e366f414fef773b8fa0cb6cc58588198f5a2a92,5,0
600c4c2760a44ce48702707647587fd5704c126d,130,0
b3e9be84400feb4bf8ebbc5e77d28b0d4c91c655,17,0
a5fbc941f0f561e2afc1caf89d71582c8c5418a3,25,0
2267e0bfda9c139bdebfa10240525f4c1ec46898,230,14
e3e30403f34dde3cab9050b86599094039d22734,6,0
7092799122e24af97e0c20678dffb814a431aca3,20,0
9bb5a76124fac3202d36b21c42c1a46f96878e57,570,0
70268139a65b5b96280b47b31bcc22c85a0b5a56,337,1
9a9c7100dfa95c5126c15aec82092bb899565dac,6,0
1f61aa9336b418ee9f6fc919cae0be6b5e946721,36,0
cb08dbaa689697ecd65b4d47ff12b4699bec867d,415,0
ba2d9ceb7f55749f173999d56915cd4ec27c183a,5726,0
35e99ff241062b9bb08e4167cc51d05691b58dd2,15340,0
129b8874f92182513ab9932bcb8796923d080baa,36351,0
690bb72c83199c7a25b331441f2928a52299e1a7,90,0
1a21b21d747a86b18c4ec39a49a4322b89606754,25,0
3d61926ee51448607c7e9a1201e585218ea3bb1e,3,0
dc255907df8898c855a40ba796dcd333012d4435,7,0
76e31e9cb7f5a2cc7a589db59830d03ff5f2645d,96,0
92ac3af51d38fea506d4ce83e55b31a96e2716aa,6,0
fb2272ee9eaf70022ce1a75cfafaa55f192f432c,12,0
726587c22dc13970ea354fc0c92530de57ae1c77,11,0
13bc411b9e8ca3fd6429763848e9905b097e18ff,1265,26
fee817b79745881b3eb2221492e8dbc20dbbb300,9329,2
91e0ace506ce95d723b90f0e8569c63d67f58061,2872,0
997e9ab3ae676c19a9a802b42ef9215d2b873e8e,171,18
6a7b5fe1ef0dfe90386059393adbd8b671f65d7b,30,0
2a994f11ca81d919599efac0d4a68fef87044058,6094,0
09dd7e946394322f1f91801e9df7863ceec7b969,31,1
7652a0cb05c3a47b73450882fb4a01034dfaf17f,3632,0
673c6b71012c25f80e4826aba40443cc72198e92,142,0
1f6eb4d6b581eb64fa827b0ff02902a10fab3884,934,5
5ad789c22f07622997e2a5672bc0d27ec4236247,127,0
5fb279241c5dc6971d9d62557bc9e7f1e8735493,26,0
9f5a317e6a2308ad86d7579af20d342d1ed762ce,58,1
fca89f331220356fee518830757d1c49e627ab28,11,0
e713329dc2e1070ee2c2427a9efa65c53dde4f1f,3,0
595ff75d781bb27aea3ee03c8f597c9db4e2cc78,734,0
07c4f2daa088995a956d855dbe99c1f6a72846f3,7,0
b08a6b6dd2b3d585f6768d3d1b3c680435c371f6,3599,5
65e54eabff7d83d617344dc65174f44e8b2a789d,216,0
37fb84235461494d9813c9a72a8719b878083fa9,4600,4
15a699d3b20afb99128c629cda22e6d65dbb9ccf,131,0
d47d3a84f766819af832332ec92566f104efcfae,2844,0
4ab1cd90626390f326294c902c0cb5d999bcc755,24,0
e7ed4a5b182a7cc3cad32f406a8327e6c788d966,607,1
1b00a946b04cbd89019b074befaab51ed7a02cc0,143,0
e4df9741a547dd8aae3058863f35529c88fa62ca,768,0
c3299a83c71ac9f7d57c3963e61b2ef4ce2f53b9,801,0
206efd9f6c2995f52059423ceb1e96e18786e76e,2407,8
894c584496514a218caee01729ed1107ba8399af,62,0
60507969e43b6499a9bdc2d4e076e3fa82403c9e,7,0
9e781d4b7302677a112b0f177668931dda52748a,1159,1
3feaeff6b160cfc314276caf01e66dc70c5b2ab9,7,1
01d6b21cbca2b46ddda49955d48d318b135f2c78,9,0
93990b9edeceb54889ffc5f36626fc035eb28eb0,7,0
3fc12adc9da1768c60e8c273a41d08210f8c82a7,371,0
806fcb2181e5cef5f40f4e57aa941fae53ee5217,13,0
b2c7e81f0123b736fc16cc498886c6062e68a4fb,1276,1
e0fdfb21bd125c4e4b18fb5dd71ac904c26d04ff,83,4
f98c6822137c05e09cf9378004fd2ac5d92567c8,364,0
7fa13a65530183c1ee424e14f7b92c3cbc1cd297,1798,0
3d2a3e67530d2836ae9be8e5f9549bb30dcc53ca,264,1
ca25b9de97e730fd0ff4441eee198cda3e779e4d,160,0
61716e2db25641f51d22116260c162246ffc834f,211,0
d676b46c64de00adb96f08f8a491c5c628458d32,5,0
389ea896b9c79e4183fbec46e94d0823bf2588c4,67,0
83f8aabf59ba62df4d7827f2e6307038bb0a70e0,42,1
c495ee8e41d85154057f28e4a3afe8d145b410e6,64,0
1fe688e822a047375ecab3a4695ba6828a697b5e,22,0
c3595f2a4da42eca19fcca20010e489f09e6769e,63,0
267aefec592dd4bc618a236d090a958864ae5eb8,75,0
67fe91fde8e15fe757345b744cbff731decac3aa,18,0
9bf57a3a7b88125fc45217034d83e0447a127bfd,51,0
1704b4ebe304de7cd6a6e05b1111ecc320094a4e,172,1
bc4bf08864ccd0a966f05c79936790f8ba1ff104,3,0
dd6a292414d3e1547d5603c8daceddabdda6d6ae,43,0
179ce618fc47c618afd35d0b51c61608f7e1c802,59,0
f492e42a54331e4bccab029422bee68bc7c9ec58,17,0
ed9a938530886aac50fa5b84b3234e65e7c66f27,23,0
21bd2687b02c4ed78ce5868d13cce13e839af2c6,535,0
c340da2aa5435f2b0d836cb096da6aff488b464a,39,0
ffa3d4cb6b3a574d59572c516b7597bdfdd2275a,7,0
02ebe9ebf93ea52a91cc7910b2cf1b09a1843df1,9,0
fd692e2ea82fcfbdba5fd1baa38d0223b0f95c44,286,0
649e9584793d4656b3f1024567a75650526ea864,18,0
b3088cf560995676c96759ccc4a7ece54bb377bd,136,1
4d234b01e7383a22b5e0ded0d58966e13c8eb16a,2623,0
9347fe5df6ac0e579df7b75421578eedb5342545,2014,2
a7e2c5458bba1ebfb78f979b56add77f08f65184,199,0
6d18d555c42e1cca0261a28ed2b6849ba0861748,16,0
58cf1d554ce1c511c0d39c5cbd972b87cbec3fbc,4,0
4cd2af10499ac6dc4f82bda179d9f414a522abef,34,1
793c8a26699ca9187c6960842424028a96a04d48,9,0
0ecfe38b92e08efe2083dbbabf190776060b5190,6,0
c2f0eb1a5e533c65914d2aae771c1d35046767da,9,0
604ad540e6167b06fb850c90274434eca1ee02cb,7,1
8360aec09b8640dc55d22a913cf7f8280f93b180,4,0
6fe02972518973a9994b97e7d507d6346de2ddf9,3,0
279393ad4dddfd8736ed44a31eb578c91d5f1aa7,175,7
48cdf7bbc82af714a5a5485c92d7da4f2fba3891,3858,5
de303fa4b0008ca215ccdc559dcc6aa0b611045b,38,0
6dfd8584980235fab6118bbcf35df99207453fe6,7,0
5987b92af1ded1ad8cbd7ecc9d6403b8eb0d0ba1,17,0
1845140883b4bd3228385a556982cbadc19595b6,126,1
077ddbb0c1e69b5bc254ea0c8ed8c9a7dc3203e6,4,0
17830975a87fbae61f9631a965ef274040f9c8d9,11,0
22df22f1b1952babea6de5eebae64d8b0c28f7e3,45,0
b2e65c7d0efbfac1ba96051d8f8f7c967b07917a,31440,2
387a0eac89f7a08de2b5972eb35e5851d27b3ee2,16,0
b830ac4adbfa0a1edf3810efcfe062cbce1b1892,605,3
be4ecf2c974bc834d851629a968a82651f8fa708,1500,0
93d6ee5311d77a2e69537e7d067c624a55da1ff9,3,0
21ba037555242e5b9633fee2feb53a2d9e2e31dc,6250,1
6103f2a9e60f0cd165e2ec43b1e5f92180fabf7e,1476,0
0840a8e6f730f06e14e85c25ce028610eeaa872c,7,0
f7c2fe5223300d2ba895827fb3678cf97ddd4f10,3,0
3b2743160c0310e8b8c3c00e92ee927e7f219100,7,0
5d21ad57a99bc57996cf86becdfee92f37589186,6,0
b0d96b392744a84dc6a3a0295af1cd301ccbfba7,109,0
09a7e77158e60ea2980c4bea09292eafd74e35e0,61,0
dbcf369aea89194e68c9b6e22e87974acdd45af5,20,0
6686f189fd5ad9fab0da760d86729a0f1a2a608d,44,1
cae0c626177a57587c631840d8906a02bdcc31cb,18,0
0a554c4ffd055ccafb085531f84a73772674628e,5,0
5a5e3a652087d389766875b09eb1ffe70eb03823,42,0
f170037c1e7642c16cd5fa1707e85abd6252d839,48,0
1499c64fe0536f9d8a097d0ae921437da25f483c,57,0
4d5e8f5c221025b8cdce8657bf2f10496be46b27,4229,4
0c10613f39b707d5e446c515c12fa28295c8052e,3,0
4eb08ec9efcea0897be5c7938e912ff6692e4e31,12,0
42785be44906a65824ba6d481976230e71c0124e,388,0
6ed412edd95afddcdd327d4b389b214d592cdc45,77,0
4ddba988c2a8db415d3aafe6ab230d30a900d4b6,107,0
ea9c0a756449ea7358dcb9c607e87c1b9d8b9b9d,9358,2
459fb987193d199d807831e534b1cc97e2ab159c,77,0
52c1e55dd54e13a7417c38f667d9c7c8835e09e9,141,0
dfcc436739eadacadb936df58bb33a0935c50ee6,8,0
82cc8bd034d8fd9277da529553f579b288203e9b,18,0
921e20d298ea0b2795f173e152472f7298084af8,74,0
56ca90997faf16ea9e122cea91dfd92541e1f86d,32,1
246ecee0706cad8cfa6a66006a7005c67ae235da,246,2
